{"cameraMode":{"drawMode":0,"name":"Shaded","section":"Shading Mode"},"sceneLighting":false,"audioPlay":false,"sceneViewState":{"m_AlwaysRefresh":false,"showFog":true,"showSkybox":false,"showFlares":true,"showImageEffects":true,"showParticleSystems":true,"showVisualEffectGraphs":true,"m_FxEnabled":true},"in2DMode":false,"pivot":{"x":-1.2785627841949463,"y":0.7733626365661621,"z":0.3150355815887451},"rotation":{"x":0.09194263815879822,"y":-0.7629729509353638,"z":0.11133106052875519,"w":0.6300838589668274},"size":1.169997215270996,"orthographic":false}